"Tair","height"
18.296875,35
17.484375,28
17.9375,21
17.265625,14
16.28125,7
15.984375,0
