"Tair","height"
32.03125,35
32.5625,28
31.453125,21
30.984375,14
30.515625,7
27.5,0
