"Tair","height"
21.796875,35
22.59375,28
20.0625,21
19.484375,14
18.65625,7
17.140625,0
