"Tair","height"
29.390625,35
29.640625,28
28.546875,21
28.109375,14
27.375,7
25,0
