"Tair","height"
19.390625,35
19.5625,28
17.875,21
17.703125,14
17.375,7
16.09375,0
