"Tair","height"
26.328125,35
25.5625,28
25.3125,21
25.0625,14
24.390625,7
22.890625,0
