"Tair","height"
31.34375,35
32.125,28
31.625,21
32.328125,14
32.3125,7
28.78125,0
