"Tair","height"
18.015625,35
17.1875,28
17.078125,21
16.578125,14
15.78125,7
15.421875,0
