"Tair","height"
28.375,35
29.421875,28
26.34375,21
25.328125,14
24.625,7
21.609375,0
