"Tair","height"
32.671875,35
34.421875,28
32.375,21
32.046875,14
31.671875,7
28,0
