"Tair","height"
24.84375,35
23.875,28
23.484375,21
22.890625,14
21.953125,7
20.921875,0
