"Tair","height"
29.953125,35
30.453125,28
29.640625,21
29.203125,14
28.421875,7
25.828125,0
