"Tair","height"
32.359375,35
33,28
32.59375,21
32.109375,14
31.796875,7
28.828125,0
