"Tair","height"
31.296875,35
32.15625,28
31.25,21
32.125,14
31.234375,7
29.109375,0
