"Tair","height"
31.53125,35
33.296875,28
31.0625,21
30.28125,14
29.78125,7
26.1875,0
