"Tair","height"
18.96875,35
19.109375,28
17.109375,21
16.578125,14
16.28125,7
14.859375,0
