"Tair","height"
24.9375,35
25.921875,28
23.34375,21
22.25,14
21.515625,7
19.203125,0
