"Tair","height"
20.40625,35
19.96875,28
20.1875,21
19.265625,14
18.25,7
17.765625,0
