"Tair","height"
31.234375,35
32.21875,28
28.796875,21
27.875,14
27.28125,7
23.953125,0
