"Tair","height"
17.8125,35
16.96875,28
17.390625,21
16.375,14
15.640625,7
15.421875,0
