"Tair","height"
25.65625,35
24.890625,28
24.5,21
24.1875,14
23.34375,7
21.90625,0
