"Tair","height"
23.96875,35
22.40625,28
22.5,21
22.046875,14
21.203125,7
20.21875,0
