"Tair","height"
19.1875,35
18.390625,28
18.8125,21
18.15625,14
17.484375,7
16.96875,0
