"Tair","height"
27.5,35
26.8125,28
26.859375,21
26.71875,14
26.296875,7
24.21875,0
