"Tair","height"
13.640625,35
13.5,28
13.265625,21
13.015625,14
12.828125,7
12.625,0
