"Tair","height"
30.75,35
31.625,28
30.765625,21
30.3125,14
30.296875,7
27.859375,0
