"Tair","height"
23.40625,35
24.0625,28
23.671875,21
24.953125,14
25,7
20.25,0
